{"cameraMode":{"drawMode":0,"name":"Shaded","section":"Shading Mode"},"sceneLighting":true,"audioPlay":false,"sceneViewState":{"showFog":true,"showMaterialUpdate":false,"showSkybox":true,"showFlares":true,"showImageEffects":true,"showParticleSystems":true},"in2DMode":false,"pivot":{"x":0.2360095977783203,"y":-1.9409112930297852,"z":3.7178611755371095},"rotation":{"x":0.1943422555923462,"y":-0.24868248403072358,"z":0.047410979866981509,"w":0.9480730295181274},"size":20.59228515625,"orthographic":false}